<?xml version="1.0" encoding="utf-8" standalone="yes"?>
<rss version="2.0" xmlns:atom="http://www.w3.org/2005/Atom">
  <channel>
    <title>Categories on ngolimi</title>
    <link>https://ngolimi.org/fr/categories/</link>
    <description>Recent content in Categories on ngolimi</description>
    <generator>Hugo -- gohugo.io</generator>
    <language>en-us</language>
    
	<atom:link href="https://ngolimi.org/fr/categories/index.xml" rel="self" type="application/rss+xml" />
    
    
  </channel>
</rss>