<?xml version="1.0" encoding="utf-8" standalone="yes"?>
<rss version="2.0" xmlns:atom="http://www.w3.org/2005/Atom">
  <channel>
    <title>ngolimi</title>
    <link>https://ngolimi.org/de/</link>
    <description>Recent content on ngolimi</description>
    <generator>Hugo -- gohugo.io</generator>
    <language>en-us</language>
    <lastBuildDate>Tue, 24 Mar 2020 07:38:37 +0100</lastBuildDate>
    
	<atom:link href="https://ngolimi.org/de/index.xml" rel="self" type="application/rss+xml" />
    
    
    <item>
      <title>ngolimi?</title>
      <link>https://ngolimi.org/de/about/</link>
      <pubDate>Tue, 24 Mar 2020 07:38:37 +0100</pubDate>
      
      <guid>https://ngolimi.org/de/about/</guid>
      <description>ngolimi &amp;hellip; ist Zulu für durch Sprache. Und was wäre logischer für eine iranische Computerlinguistin und einen deutschen Sprachtechnologiemanager, die beide in der französischsprachigen Schweiz leben, als ihrem Nonprofit-Projekt einen Namen in der Sprache der Zulu zu geben?
     Unsere Aktivitäten Sprachtechnologie-Beratung für grosse und kleine NGOs Vielleicht steht das ngo in ngolimi ja dafür?
Von der Strategie bis zur Implementierung — wir statten NGOs mit Technologie aus, die sie mit ihrem Zielpublikum in den Sprachen kommunizieren lässt, welche es auch tatsächlich spricht.</description>
    </item>
    
    <item>
      <title>Die Liste unserer Projekte wird gerade noch übersetzt :-)</title>
      <link>https://ngolimi.org/de/page/launch/</link>
      <pubDate>Tue, 24 Mar 2020 07:38:37 +0100</pubDate>
      
      <guid>https://ngolimi.org/de/page/launch/</guid>
      <description>Die Liste unserer Projekte wird gerade noch übersetzt Die englische Version der Liste finden Sie hier.</description>
    </item>
    
    <item>
      <title>Kontakt</title>
      <link>https://ngolimi.org/de/contact/</link>
      <pubDate>Mon, 01 Jan 0001 00:00:00 +0000</pubDate>
      
      <guid>https://ngolimi.org/de/contact/</guid>
      <description>ngolimi
c/o Impact Hub Geneva
Rue Fendt 1
1002 Genf
Schweiz
info@ngolimi.org</description>
    </item>
    
  </channel>
</rss>